Date,Original,Prediction
2015-07-08,-0.01629136813374288,0.0018573666457086802
2015-07-09,-0.008584063123211583,0.001533381175249815
2015-07-10,0.011194682525800248,0.0015426413156092167
2015-07-13,0.006659747448538367,0.0019568107090890408
2015-07-14,0.0033508033336195897,0.002621154999360442
2015-07-15,0.00017126220243190993,0.0030485698953270912
2015-07-16,0.042208904109588996,0.0030247820541262627
2015-07-17,-0.01076152139981923,0.00264079705812037
2015-07-20,-0.003653878093340057,0.00234403507784009
2015-07-21,-0.025420903483914015,0.0017687202198430896
2015-07-22,0.008894210211237485,0.0014115594094619155
2015-07-23,-0.010341612274307077,0.0014049590099602938
2015-07-24,-0.005653104925053443,0.0020181061699986458
2015-07-27,-0.04246705142561824,0.0026725116185843945
2015-07-28,0.00980568549838079,0.003113649319857359
2015-07-29,0.010601336302895392,0.003042341209948063
2015-07-30,-0.002644569816643183,0.003046846715733409
2015-07-31,0.013788226975428586,0.0029241610318422318
2015-08-03,0.005579773321708892,0.002501527313143015
2015-08-04,0.005895612970348463,0.0020603640004992485
2015-08-05,0.0005171522151352637,0.001663252362050116
2015-08-06,0.007494831150930414,0.001468602567911148
2015-08-07,-0.007610089781958207,0.0015163556672632694
2015-08-10,-0.007582285024987034,0.0018265190301463008
2015-08-11,-0.00807431845806561,0.002156503964215517
2015-08-12,-0.02345733041575493,0.002466022502630949
2015-08-13,0.01738818678856302,0.0027049146592617035
2015-08-14,0.004316800281913613,0.0027643851935863495
2015-08-17,-0.015087719298245705,0.0029360621701925993
2015-08-18,-8.906305664402314e-05,0.0028597230557352304
2015-08-19,-0.013093435468068071,0.002446108730509877
2015-08-20,-0.03718411552346579,0.002097112126648426
2015-08-21,-0.015185601799775017,0.001874580979347229
2015-08-24,-0.08233390443556055,0.0017986722523346543
2015-08-25,0.04335649828855925,0.002155706752091646
2015-08-26,-0.014613778705636626,0.0024029454216361046
2015-08-27,0.02754237288135597,0.00336086587049067
2015-08-28,-0.0021600392734413276,0.0036738435737788677
2015-08-31,-0.0007871691429695016,0.0034185778349637985
2015-09-01,-0.054455933037912296,0.002449439838528633
2015-09-02,-0.028119141845448836,0.001380921108648181
2015-09-03,0.0435062151735961,0.0005459205713123083
2015-09-04,-0.03881700554528644,0.0007645599544048309
2015-09-07,-0.038782051282051255,0.0021117639262229204
2015-09-08,0.05346226519951092,0.0029645550530403852
2015-09-09,0.026060350284870193,0.003257592674344778
2015-09-10,-0.007506426735218508,0.0036000560503453016
2015-09-11,-0.002797347699958652,0.0032538222149014473
2015-09-14,0.031064935064935018,0.002172191394492984
2015-09-15,-0.0271060056428859,0.0011587783228605986
2015-09-16,0.023821853961677908,0.0009025176987051964
2015-09-18,0.04693980778958018,0.0009548772359266877
2015-09-21,0.02038844332785761,0.0016932485159486532
2015-09-22,-0.03465909090909092,0.002638306235894561
2015-09-23,0.003923876790268732,0.002971695037558675
2015-09-24,0.0043971076802815645,0.00247788242995739
2015-09-28,-0.014106430586633079,0.0021474012173712254
2015-09-29,-0.004341819617130427,0.0021487020421773195
2015-09-30,-0.017542120911793857,0.002281349850818515
2015-10-01,0.0012105316251387332,0.0025563640519976616
2015-10-05,0.03425692695214111,0.0027429903857409954
2015-10-06,-0.013346322454944048,0.002904928755015135
2015-10-07,-0.018957345971563955,0.0030207359232008457
2015-10-08,-0.010668276972624846,0.0025523544754832983
2015-10-09,-0.002136317395727394,0.0019128593849018216
2015-10-12,-0.006932409012131657,0.0016180477105081081
2015-10-13,0.007904732573657647,0.0018012486398220062
2015-10-14,0.009370543898961081,0.002202472649514675
2015-10-15,0.0064581231079716694,0.0026431723963469267
2015-10-16,0.011931020653699553,0.0028326809406280518
2015-10-19,0.003963142772218431,0.0026603075675666332
2015-10-20,0.00542781012533311,0.002292002085596323
2015-10-21,0.004613270514330692,0.0018714715261012316
2015-10-23,0.02716170004885199,0.0016373228281736374
2015-10-26,-0.008751070103681147,0.0016736987745389342
2015-10-27,0.0014394012090970243,0.0020217448472976685
2015-10-28,-0.07454963587581442,0.002186455763876438
2015-10-29,-0.028887968523503837,0.0023260056041181087
2015-10-30,0.013754131570529848,0.002141214907169342
2015-11-02,0.00599495161968866,0.0024911263026297092
2015-11-03,-0.007527443805541045,0.003333338303491473
2015-11-04,-0.004529653428842262,0.003807695582509041
2015-11-05,-0.018412698412698436,0.0034903797786682844
2015-11-06,0.002910737386804474,0.0026662463787943125
2015-11-09,-0.00042996882725998553,0.0017390747088938951
2015-11-10,0.007312614259597838,0.0013108907733112574
2015-11-11,0.025621863990605398,0.0013661865377798676
2015-11-13,0.009576350577703785,0.0017591778887435794
2015-11-16,-0.007217238890607325,0.0022617315407842398
2015-11-17,-0.012150794475023319,0.002429977059364319
2015-11-18,-0.025336417157275082,0.0022320072166621685
2015-11-19,-0.0010786322942508697,0.001991800032556057
2015-11-20,-0.0069107007882517335,0.0019313293742015958
2015-11-23,0.006197673154289429,0.0023074662312865257
2015-11-24,0.0024854117138535248,0.0027641858905553818
2015-11-26,0.003126010563759829,0.0030844765715301037
2015-11-27,0.012250161186331265,0.003023389261215925
2015-11-30,-0.003927813163482008,0.0026341252960264683
2015-12-01,-0.01609293402962797,0.002166962018236518
2015-12-02,-0.004549393414211456,0.0017034569755196571
2015-12-03,0.006528835690968515,0.0014539024559780955
2015-12-04,-0.00432432432432428,0.0016654893988743424
2015-12-07,0.003908794788273662,0.002209302969276905
2015-12-08,-0.007570841444949128,0.002653060480952263
2015-12-09,-0.017872711421098475,0.0028745781164616346
2015-12-10,-0.0014425210830004698,0.0027535271365195513
2015-12-11,-0.020668963218135383,0.002429273910820484
2015-12-14,-0.021105185521388736,0.002261345274746418
2015-12-15,0.01101193926046129,0.0021606117952615023
2015-12-16,0.004700756707177067,0.0022164154797792435
2015-12-17,-0.00593404085358884,0.0025514489971101284
2015-12-18,-0.00688784295718059,0.002742655808106065
2015-12-21,0.022656340307478873,0.0025869121309369802
2015-12-22,0.009833841980332325,0.0022509670816361904
2015-12-23,0.011864786209984324,0.002091959584504366
2015-12-24,-0.0027654867256636795,0.001928711892105639
2015-12-28,0.010205213533000634,0.0018069162033498287
2015-12-29,0.00658833864060604,0.0017091941554099321
2015-12-30,-0.00709065124904551,0.0018407492898404598
2015-12-31,-0.013183915622939968,0.0020891507156193256
2016-01-01,0.0017813404586950465,0.0022837340366095304
2016-01-04,-0.025561235830184437,0.0024335652124136686
2016-01-05,-0.00444799270072993,0.0026600335258990526
2016-01-06,-0.013174475884981107,0.0026964840944856405
2016-01-07,-0.04980264685395863,0.002776017412543297
2016-01-08,0.010873549175320685,0.0027615493163466454
2016-01-11,0.008460236886632888,0.0025086798705160618
2016-01-12,-0.026605944391179248,0.002650367096066475
2016-01-13,0.0014774686037921647,0.0027824430726468563
2016-01-14,-0.03958691910499135,0.0024905395694077015
2016-01-15,-0.041858678955453255,0.002223074669018388
2016-01-18,-0.002805611222444937,0.0018600267358124256
2016-01-19,0.05305466237942125,0.0017766242381185293
2016-01-20,-0.013740458015267132,0.0022812974639236927
2016-01-21,0.0555985552115581,0.003087943186983466
2016-01-22,0.03666137113528056,0.002985339378938079
2016-01-25,-0.007780266415183146,0.002597471699118614
2016-01-27,-0.012949982178923736,0.001801749225705862
2016-01-28,-0.02347135291285507,0.0007800344610586762
2016-01-29,0.0067792431899420524,0.00031747890170663595
2016-02-01,-0.022282076395690464,0.0007365965284407139
2016-02-02,-0.0210368144252443,0.002019077306613326
2016-02-03,-0.026477359938603118,0.0032282844185829163
2016-02-04,0.005781106293522464,0.003959045745432377
2016-02-05,0.04389288047028095,0.004044811241328716
2016-02-08,0.02252534100863479,0.0037728636525571346
2016-02-09,-0.021172439113939623,0.0032830715645104647
2016-02-10,-0.015753938484621033,0.002305637812241912
2016-02-11,-0.04166666666666674,0.0010358360596001148
2016-02-12,0.036850477200424336,0.00037006346974521875
2016-02-15,0.06788545129122969,0.000545102171599865
2016-02-16,-0.02837303962648141,0.00189120601862669
2016-02-17,-0.006653523903400682,0.0033580847084522247
2016-02-18,-0.012527908707516744,0.0034037972800433636
2016-02-19,-0.013942971988443742,0.00276287947781384
2016-02-22,0.011847133757961759,0.00205809879116714
2016-02-23,-0.030215283897771616,0.0017370582791045308
2016-02-24,0.0038945865247306255,0.002011197153478861
2016-02-25,-0.021854390275442892,0.002284811343997717
2016-02-26,0.021549444738233836,0.0027120299637317657
2016-02-29,-0.027436262456322025,0.0028680632822215557
2016-03-01,0.043246839654025315,0.002993728034198284
2016-03-02,0.03890306122448983,0.002618202706798911
2016-03-03,0.024309392265193353,0.0024487220216542482
2016-03-04,-0.0026369411482679572,0.0021728738211095333
2016-03-08,-0.010335296238432878,0.001645511481910944
2016-03-09,0.012386156648451774,0.0010415512369945645
2016-03-10,-0.009235936188077276,0.0008492219494655728
2016-03-11,-0.0004842615012106144,0.0013975267065688968
2016-03-14,0.006419573643410725,0.002193476539105177
2016-03-15,0.008183896979179206,0.002977302297949791
2016-03-16,0.01372806493971579,0.003461037063971162
2016-03-17,0.008360810174281585,0.0034555187448859215
2016-03-18,0.01856825878780821,0.003028945531696081
2016-03-21,0.019261637239165186,0.002349737798795104
2016-03-22,-0.007311586051743535,0.0017823752714321017
2016-03-23,-0.008498583569405138,0.00147273950278759
2016-03-28,-0.03337142857142861,0.0013323763851076365
2016-03-29,0.015488295105225758,0.0015342808328568935
2016-03-30,0.03446268482943293,0.0019517086911946535
2016-03-31,-0.00022509848058527293,0.002799893729388714
2016-04-01,0.012946076775864013,0.0035273439716547728
2016-04-04,-0.011446988219604326,0.003406442468985915
2016-04-05,-0.027318718381112883,0.0027651009149849415
2016-04-06,-0.01837725381414712,0.0018863917794078588
2016-04-07,0.004709760979630273,0.0012828358449041843
2016-04-08,-0.011836399859369351,0.0013935018796473742
2016-04-11,0.01944971537001905,0.0021600606851279736
2016-04-12,0.009888320148906393,0.002883404726162553
2016-04-13,0.014860039165994765,0.003373402636498213
2016-04-18,0.010783200908059065,0.0032422831282019615
2016-04-20,0.031106120157215145,0.002633508061990142
2016-04-21,0.019276846003049464,0.0018511343514546752
2016-04-22,0.01688214552836853,0.0013639426324516535
2016-04-25,-0.012503940317326934,0.001154729281552136
2016-04-26,0.021919557352628294,0.0012471256777644157
2016-04-27,-0.030612244897959107,0.0014703029301017523
2016-04-28,0.005477980665950621,0.0020927225705236197
2016-04-29,0.00929387885909616,0.0025018365122377872
2016-05-02,-0.0012701100762065876,0.00299235712736845
2016-05-03,-0.0026494277236116526,0.00331592233851552
2016-05-04,-0.017213898629263702,0.0032139522954821587
2016-05-05,-0.0030273543085738153,0.0027948874048888683
2016-05-06,0.0008675848606440884,0.0022467244416475296
2016-05-09,0.03391483367645476,0.001977458130568266
2016-05-10,0.022741563613498217,0.0020138018298894167
2016-05-11,0.021006250640434487,0.002327969064936042
2016-05-12,-0.01134082697711758,0.0024086099583655596
2016-05-13,-0.0038574763983352245,0.002166329650208354
2016-05-16,-0.008560073372057442,0.001647632336243987
2016-05-17,0.03474149450097652,0.0014189730864018202
2016-05-18,-0.004470050660574154,0.0016368130454793572
2016-05-19,-0.021153462382757948,0.002377735450863838
2016-05-20,0.00020387359836915309,0.002801669994369149
2016-05-23,-0.008357113738279742,0.0027904342859983444
2016-05-24,0.005035971223021463,0.00273232813924551
2016-05-25,0.02699662542182235,0.0026168636977672577
2016-05-26,0.033555710445086095,0.002561942208558321
2016-05-27,-0.012716763005780396,0.0025681559927761555
2016-05-30,0.0025370804059330343,0.0024209213443100452
2016-05-31,0.002919992213354039,0.0018371394835412502
2016-06-01,-0.006308229813664745,0.001444404013454914
2016-06-02,0.024221115343295407,0.001472271978855133
2016-06-03,0.03490035281777426,0.0018170984694734216
2016-06-06,-0.018059522712613907,0.002460273914039135
2016-06-07,0.002908886178098813,0.0029542436823248863
2016-06-08,0.008607784431137855,0.0027132767718285322
2016-06-09,0.006679035250463761,0.002333151875063777
2016-06-10,-0.0028566162919279048,0.0021072260569781065
2016-06-13,-0.01829775436650949,0.002059822902083397
2016-06-14,-0.002824060999717548,0.002100557554513216
2016-06-15,-0.0016048333805344095,0.002167763188481331
2016-06-16,-0.010117246596066387,0.002423031022772193
2016-06-17,0.0065908873817936975,0.0027042326983064413
2016-06-20,-0.008445625355854913,0.0027997633442282677
2016-06-21,-0.009665996746100247,0.0027931020595133305
2016-06-22,-0.0023192887514493776,0.002550726290792227
2016-06-23,0.019759783029833278,0.0022433579433709383
2016-06-24,-0.03020516717325228,0.0020824293605983257
2016-06-27,0.007737512242899314,0.0021654965821653605
2016-06-28,-0.0008747205753718568,0.002022373955696821
2016-06-29,0.007490272373540829,0.0021299016661942005
2016-06-30,0.030221106498020678,0.0022896025329828262
2016-07-01,0.01761949390815376,0.002434615744277835
2016-07-04,0.001749861853011625,0.002542859874665737
2016-07-05,-0.0076307805461064415,0.002342549618333578
2016-07-07,0.004724847137298482,0.0018920539878308773
2016-07-08,0.00774550484094072,0.0015276288613677025
2016-07-11,-0.0037514868697960946,0.0016049211844801903
2016-07-12,0.03049228508449664,0.002026605186983943
2016-07-13,-0.007397504456327919,0.00245446665212512
2016-07-14,0.006105773547633975,0.0028930928092449903
2016-07-15,0.008567603748326658,0.002813470782712102
2016-07-18,0.01053004158923998,0.002528195269405842
2016-07-19,-0.009719789842381754,0.0022366854827851057
2016-07-20,-0.012733221328145805,0.0020497734658420086
2016-07-21,-0.03618450515002247,0.0019012949196621776
2016-07-22,-0.0006504971656907665,0.001939259236678481
2016-07-25,0.0007439092430723271,0.002110011177137494
2016-07-26,0.029176732949265816,0.0026612773071974516
2016-07-27,-0.008938244853737731,0.0031670432072132826
2016-07-28,-0.00910995718320129,0.0034002354368567467
2016-07-29,0.004229107290613099,0.00288769812323153
2016-08-01,0.00805639476334341,0.0020855769980698824
2016-08-02,-0.0016347289074560845,0.0015631243586540222
2016-08-03,-0.0005458018739197268,0.0014743091305717826
2016-08-04,-0.003367616273778129,0.0016589576844125986
2016-08-05,0.036073059360730575,0.002008852083235979
2016-08-08,0.006875275451740714,0.0023592966608703136
2016-08-09,0.0051650179462487955,0.002771056490018964
2016-08-10,-0.010799512280090684,0.0027113461401313543
2016-08-11,0.00325761577742556,0.0023293648846447468
2016-08-12,0.03729706011408518,0.0018705923575907946
2016-08-16,-0.013028764805414594,0.001764971879310906
2016-08-17,0.010629178810217743,0.002126153092831373
2016-08-18,0.006191687871077045,0.002238210290670395
2016-08-19,-0.007755205260052356,0.00235423119738698
2016-08-22,-0.014102455186475127,0.0024078707210719585
2016-08-23,0.0038776389487289453,0.002340818289667368
2016-08-24,0.0015450643776824258,0.0022779081482440233
2016-08-25,0.005399382927665286,0.0024236920289695263
2016-08-26,-0.0002557326741112753,0.002592717297375202
2016-08-29,0.004689631650750314,0.0026618430856615305
2016-08-30,0.003394721208520801,0.002535727806389332
2016-08-31,0.009642222786095056,0.0023307614028453827
2016-09-01,-0.00033509256932240383,0.0021241754293441772
2016-09-02,0.004273862398391115,0.002022720640525222
2016-09-06,0.06124833110814398,0.0019641034305095673
2016-09-07,-0.016983802484667354,0.002023025881499052
2016-09-08,0.006798912174052152,0.0023949432652443647
2016-09-09,-0.02582029077619763,0.0021628737449645996
2016-09-12,-0.034252161148262905,0.0019148882711306214
2016-09-14,0.01638236784326952,0.0017327169189229608
2016-09-15,-0.021684945164506364,0.0018950016237795353
2016-09-16,0.022845010615711425,0.002674254821613431
2016-09-19,-0.013035536366655665,0.0032067964784801006
2016-09-20,-0.0023555144275257955,0.0035272599197924137
2016-09-21,0.01003457289822074,0.003154112957417965
2016-09-22,-0.011855067623977367,0.0024912627413868904
2016-09-23,-0.05804325785738407,0.0019404273480176926
2016-09-26,-0.018028522737465358,0.0015293117612600327
2016-09-27,-0.011691633175009097,0.001285202568396926
2016-09-28,0.014972273567467775,0.0018107874784618616
2016-09-29,-0.017847386632671713,0.0027279460337013006
2016-09-30,0.0038012238086408967,0.003549553221091628
2016-10-03,0.017641082478987657,0.0035440074279904366
2016-10-04,-0.007805409330186919,0.0030254789162427187
2016-10-05,-0.019941456275155423,0.0023233897518366575
2016-10-06,-0.009146910584282408,0.001530886860564351
2016-10-07,0.005746043707611337,0.0010336225386708975
2016-10-10,-0.004308326308888444,0.0011881481623277068
2016-10-13,-0.023986454707929594,0.0018863859586417675
2016-10-14,0.0035659213569776416,0.0025786946061998606
2016-10-17,-0.0031691155286660555,0.0028915326111018658
2016-10-18,0.025915221579961623,0.0030428641475737095
2016-10-19,0.00582214292421801,0.0029091190081089735
2016-10-20,0.00840257679021561,0.0026932258624583483
2016-10-21,-0.02583094157948329,0.00220978120341897
2016-10-24,-0.008648545903820692,0.0017181674484163523
2016-10-25,0.01447608091266428,0.001303242053836584
2016-10-26,-0.07852957852957854,0.0014416000340133905
2016-10-27,-0.0038970362014153492,0.0021133488044142723
2016-10-28,0.0025738700710387086,0.0023843974340707064
2016-11-01,-0.022797288971041163,0.003025868907570839
2016-11-02,0.0021017234131988083,0.0035968434531241655
2016-11-03,-0.001992449664429463,0.003537690732628107
2016-11-04,0.005989282336870794,0.0031185285188257694
2016-11-07,0.01399623981616882,0.002449587220326066
2016-11-08,0.011227853316852165,0.0018287812126800418
2016-11-09,-0.006723031476011054,0.0014573662774637341
2016-11-10,0.039790790688134514,0.0013307948829606175
2016-11-11,-0.016175165203669017,0.0013525900430977345
2016-11-15,-0.03899749373433581,0.0018114858539775014
2016-11-16,-0.013770081368662646,0.002004683716222644
2016-11-17,0.0029617093293845542,0.002045858185738325
2016-11-18,-0.0013710187724109701,0.002415804658085108
2016-11-21,-0.01636920477347137,0.0030074885580688715
2016-11-22,0.010843890916899301,0.0033537354320287704
2016-11-23,0.02071163037705781,0.0031925884541124105
2016-11-24,-0.025598335067637867,0.002852465957403183
2016-11-25,0.006407518154634806,0.0024165839422494173
2016-11-28,0.003607809847198551,0.0017201482551172376
2016-11-29,-0.017445548741805927,0.0014485499123111367
2016-11-30,0.011191219197245417,0.0015805319417268038
2016-12-01,-0.008087687559859558,0.0018490429501980543
2016-12-02,-0.013088724385795558,0.002352755516767502
2016-12-05,0.0017393194912491694,0.0026626598555594683
2016-12-06,-0.010417797069994572,0.002718545263633132
2016-12-07,-0.01941002302884076,0.0026996454689651728
2016-12-08,0.005032431223439993,0.002533884719014168
2016-12-09,0.015689329030822208,0.002310696756467223
2016-12-12,-0.024758983347940355,0.0023155740927904844
2016-12-13,0.017636486182880162,0.002423444064334035
2016-12-14,0.03146042609559552,0.002225810196250677
2016-12-15,0.023330479452054798,0.0022119502536952496
2016-12-16,-0.011085546956703607,0.0022795626427978277
2016-12-19,-0.010998307952622688,0.0021448780316859484
2016-12-20,-0.01272455089820368,0.0017062602564692497
2016-12-21,-0.00855626556915412,0.0014529908075928688
2016-12-22,-0.022176097880707846,0.001636897912248969
2016-12-23,-0.021114959222433227,0.002210888545960188
2016-12-26,-0.013923761698242498,0.002801982220262289
2016-12-27,0.013078703703703676,0.0032307785004377365
2016-12-28,0.0054838341140182045,0.003411926794797182
2016-12-29,0.009544369957959375,0.003383304923772812
2016-12-30,0.012830613393359558,0.0029350738041102886
2017-01-02,-0.004889432159128737,0.002242147922515869
2017-01-03,0.01675041876046901,0.0015894579701125622
2017-01-04,-0.004722679846238309,0.0011227524373680353
2017-01-05,0.010924740675347655,0.0011932397028431296
2017-01-06,-0.006222028162864324,0.0015185449738055468
2017-01-09,-0.0053822495606327125,0.002073979005217552
2017-01-10,-0.011927112092766423,0.0024980627931654453
2017-01-11,0.013971163518497809,0.0027454346418380737
2017-01-12,0.003527336860670083,0.002796759596094489
2017-01-13,0.03866432337434089,0.0028550669085234404
2017-01-16,0.009412013536379105,0.0027118497528135777
2017-01-17,0.020848611838659048,0.0025611030869185925
2017-01-18,0.0026683087027914443,0.0020953777711838484
2017-01-19,-0.009621289662231303,0.0016527336556464434
2017-01-20,-0.06831335262505167,0.0013379151932895184
2017-01-23,-0.012756516916250682,0.0013305030297487974
2017-01-24,0.014044943820224809,0.0015023354208096862
2017-01-25,0.02725761772853197,0.00246234773658216
2017-01-27,0.020062560673066665,0.0036905882880091667
2017-01-30,-0.0020090937929576613,0.004345799796283245
2017-01-31,-0.01250264886628516,0.003918612841516733
2017-02-01,0.020708154506437815,0.0025964686647057533
2017-02-02,0.014506464837590771,0.0012050315272063017
2017-02-03,0.016889441508652014,0.0006652734009549022
2017-02-06,0.015488078255553317,0.0008771637221798301
2017-02-07,-0.009833433674493297,0.0015217766631394625
2017-02-08,-0.011755168220510703,0.0021903500892221928
2017-02-09,-0.0048195242001640715,0.0025086028035730124
2017-02-10,0.00752189592993302,0.002617115620523691
2017-02-13,0.0028635712824709447,0.002712027169764042
2017-02-14,-0.006934529879665585,0.0028401524759829044
2017-02-15,0.0026699527623741393,0.0028185066767036915
2017-02-16,0.010139287177386214,0.0025840355083346367
2017-02-17,-0.008212511406265777,0.0023481969255954027
2017-02-20,-0.016458801881005902,0.0022020793985575438
2017-02-21,0.04843571354329068,0.0020244703628122807
2017-02-22,0.041538614057697876,0.0019266402814537287
2017-02-23,0.005425471159337558,0.0023166148457676172
2017-02-27,-0.03635330871911391,0.0025417543947696686
2017-02-28,-0.004519107967383862,0.002170085208490491
2017-03-01,0.013322806671272058,0.001474220771342516
2017-03-02,-0.013829372808726093,0.0013988595455884933
2017-03-03,0.013035749555599274,0.001999844331294298
2017-03-06,0.011210762331838486,0.002619352890178561
2017-03-07,-0.013207365275233696,0.0031520214397460222
2017-03-08,-0.0032239155920281704,0.003264748491346836
2017-03-09,0.012251298637655506,0.0028150698635727167
2017-03-10,-0.0009682416731215948,0.0022754992824047804
2017-03-14,-0.009691800736576828,0.0019878551829606295
2017-03-15,0.001565864161284125,0.0018536369316279888
2017-03-16,0.003810826656243771,0.001855514943599701
2017-03-17,0.006813978389954345,0.0020827176049351692
2017-03-20,-0.027651551774146688,0.002382000908255577
2017-03-21,-0.028935070100427618,0.0025864203926175833
2017-03-22,-0.005836575875486472,0.0024473366793245077
2017-03-23,0.005767844268204758,0.0022998941130936146
2017-03-24,0.00225294418842803,0.0024648914113640785
2017-03-27,-0.004495759681209854,0.002768338192254305
2017-03-28,0.03212562865647128,0.0028574566822499037
2017-03-29,0.0027844073190135266,0.0026134727522730827
2017-03-30,-0.009817532725109102,0.0023692140821367502
2017-03-31,-0.016925388082123183,0.0018928049830719829
2017-04-03,0.01996740016299925,0.0014312885468825698
2017-04-05,0.01538154214942078,0.001312849810346961
2017-04-06,0.0007869368483179873,0.001829751068726182
2017-04-07,-0.008846078238647581,0.002456139773130417
2017-04-10,0.012990876636255422,0.002739810850471258
2017-04-11,0.008418991678903476,0.002651727059856057
2017-04-12,-0.017571109601009494,0.0025313578080385923
2017-04-13,0.0030632411067192944,0.002359950914978981
2017-04-17,-0.010245296029947726,0.0020740036852657795
2017-04-18,-0.005374738727978556,0.002052456606179476
2017-04-19,-0.0003002101471029084,0.0021639761980623007
2017-04-20,-0.02302302302302306,0.002388616092503071
2017-04-21,-0.0035860655737705027,0.0026212576776742935
2017-04-24,0.025501285347043545,0.0026196930557489395
2017-04-25,0.035596109495638295,0.0026280218735337257
2017-04-26,0.0014523625096825032,0.0027176188305020332
2017-04-27,-0.020400270714492796,0.0026258528232574463
2017-04-28,0.006020529016975917,0.0020508042071014643
2017-05-02,-0.008044736583930123,0.0013594112824648619
2017-05-03,-0.009296805459400592,0.0012579886242747307
2017-05-04,0.035938903863432126,0.0016155699267983437
2017-05-05,-0.027657319071022535,0.0022281468845903873
2017-05-08,0.013280475718533191,0.0030114282853901386
2017-05-09,0.013693270735524399,0.0030607685912400484
2017-05-10,0.015727518332689927,0.0028995973989367485
2017-05-11,-0.01795383300085507,0.002579582156613469
2017-05-12,-0.026891081447088405,0.0021884192246943712
2017-05-15,-0.00576540755467192,0.0016955483006313443
2017-05-16,0.0027994401119775247,0.0014800336211919785
2017-05-17,0.0025922233300099684,0.0018625857774168253
2017-05-18,-0.021479713603818618,0.0025551135186105967
2017-05-19,0.0197154471544716,0.0030752134043723345
2017-05-22,0.0011959338249951657,0.003056417452171445
2017-05-23,-0.0033844316145729136,0.0029135458171367645
2017-05-24,-0.002596883739512612,0.0024868352338671684
2017-05-25,0.016322851992789822,0.0019741221331059933
2017-05-26,0.007882550004926658,0.0016543511301279068
2017-05-29,-0.008211946426825656,0.0017274245619773865
2017-05-30,0.014095613602759904,0.0019328929483890533
2017-05-31,-0.0006804043545879379,0.0020671598613262177
2017-06-01,-0.009240346269817956,0.0023014615289866924
2017-06-02,-0.0024543491066169043,0.002407357795163989
2017-06-05,0.011022537151855083,0.0023809587582945824
2017-06-06,-0.006716635841526264,0.0023910452146083117
2017-06-07,0.007840062720501972,0.0024979012086987495
2017-06-08,0.0030143912874367462,0.002461549825966358
2017-06-09,-0.0040717401841978695,0.002424638718366623
2017-06-12,-0.011973133456633867,0.002327971626073122
2017-06-13,-0.00206896551724145,0.0021809518802911043
2017-06-14,0.00602231217296878,0.0020692264661192894
2017-06-15,-0.003729146221785995,0.002159777330234647
2017-06-16,0.0056146572104018855,0.0023901858367025852
2017-06-19,0.01900284063081603,0.0025105879176408052
2017-06-20,-0.015956935499375047,0.0025391164235770702
2017-06-21,-0.008010159226335856,0.002497991779819131
2017-06-22,0.000492368291482137,0.00215863436460495
2017-06-23,-0.006594488188976455,0.0019193906337022781
2017-06-27,-0.023382542356088276,0.0019775880500674248
2017-06-28,-0.001724662676270694,0.0021881500724703074
2017-06-29,0.04085365853658551,0.0023681381717324257
2017-06-30,0.010251903925014627,0.0026561939157545567
2017-07-03,-0.00019329274185764245,0.0030215000733733177
2017-07-04,-0.0171097148380861,0.0028169399593025446
2017-07-05,0.010818253343823692,0.0021714442409574986
2017-07-06,-0.008561977038334279,0.0014987732283771038
2017-07-07,-0.012463199214916676,0.0014140583807602525
2017-07-10,0.013514856404650777,0.001690251287072897
2017-07-11,-0.006177076183939589,0.0021644479129463434
2017-07-12,-9.865824782950838e-05,0.0027708481065928936
2017-07-13,0.01016280217069565,0.003016572678461671
2017-07-14,0.002051181871459473,0.0029273899272084236
2017-07-17,-0.004776293985768731,0.0026571997441351414
2017-07-18,0.011851126346718921,0.002251752419397235
2017-07-19,0.007066111702642708,0.0018793144263327122
2017-07-20,0.03806228373702414,0.001811192138120532
2017-07-21,0.001481481481481417,0.0019180459203198552
2017-07-24,-0.011094674556213047,0.0022176411002874374
2017-07-25,0.018979057591623105,0.0021869256161153316
2017-07-26,-0.029543994861913947,0.001971719553694129
2017-07-27,-0.007941760423560651,0.0020409917924553156
2017-07-28,-0.018202611264652502,0.002043933141976595
2017-07-31,0.009124441855950183,0.0023196088150143623
2017-08-01,-0.0062524047710658115,0.0026800818741321564
2017-08-02,0.0006775723550480617,0.0031032327096909285
2017-08-03,-0.021087250918939815,0.003160589374601841
2017-08-04,0.004150197628458585,0.0028945468366146088
2017-08-07,-0.0045266679787443476,0.0023464325349777937
2017-08-08,-0.012554369315935232,0.002022593980655074
2017-08-09,-0.025027530283311616,0.00189017818775028
2017-08-10,-0.002977718451586342,0.00190153147559613
2017-08-11,0.008650875386199797,0.002015192760154605
2017-08-14,0.004186236471309002,0.0023748253006488085
2017-08-16,0.015760040671072728,0.0027597839944064617
2017-08-17,-0.004704704704704743,0.002839597873389721
2017-08-18,-0.013577391129437788,0.0026332736015319824
2017-08-21,0.00897226753670477,0.002117406576871872
2017-08-22,0.008892481810832686,0.001631633611395955
2017-08-23,0.006911057692307709,0.001612827880308032
2017-08-24,0.00835571471202634,0.0019072109134867787
2017-08-28,0.007398638650488287,0.002247211057692766
2017-08-29,-0.013709361535448439,0.002466440200805664
2017-08-30,0.0005957108816521117,0.0024928590282797813
2017-08-31,-0.007045048620757943,0.002287334995344281
2017-09-01,0.014389927051064122,0.0022027292288839817
2017-09-04,-0.011427445571864814,0.0022299867123365402
2017-09-05,0.003288490284006018,0.0024468665942549706
2017-09-06,-0.020957489074294733,0.0024811215698719025
2017-09-07,0.007608805924723461,0.0024848226457834244
2017-09-08,-0.005235602094240899,0.0023357660975307226
2017-09-11,-0.00020242914979762272,0.002374691655859351
2017-09-12,0.00526422352702971,0.002393905306234956
2017-09-13,0.005639476334340365,0.002396902535110712
2017-09-14,0.04095734027638698,0.0023798635229468346
2017-09-15,-0.006926406926407003,0.002301894361153245
2017-09-18,0.016274338854983972,0.0023212782107293606
2017-09-19,-0.00724430464207404,0.0019684573635458946
2017-09-20,-0.0024963994239077802,0.0017278546001762152
2017-09-21,-0.013283280392723196,0.0015954927075654268
2017-09-22,-0.014144961467173811,0.0017709287349134684
2017-09-25,-0.007124480506629727,0.0021432428620755672
2017-09-26,0.020430536176998304,0.0026066384743899107
2017-09-27,-0.011036234007227197,0.003032490611076355
2017-09-28,0.01086312462966621,0.003332472639158368
2017-09-29,-0.005177803829620964,0.0030527873896062374
2017-10-03,0.0009820288716488879,0.0025704451836645603
2017-10-04,-0.007259884234278369,0.0019892891868948936
2017-10-05,-0.009388279474256356,0.0016410259995609522
2017-10-06,0.00428970470869916,0.0015865215100347996
2017-10-09,0.005165391874441205,0.001821853336878121
2017-10-10,0.016997727048127187,0.002290173899382353
2017-10-11,0.002332134875133729,0.0026878751814365387
2017-10-12,0.018128938439166298,0.0028586052358150482
2017-10-13,0.008284136354980154,0.0026184224989265203
2017-10-16,-0.017187647558787433,0.002263155300170183
2017-10-17,-0.01383684058806578,0.0018748159054666758
2017-10-18,-0.09480658676800147,0.0015433093067258596
2017-10-19,-0.009041980624327262,0.0016067770775407553
2017-10-23,-0.022485335650662686,0.0017311659175902605
2017-10-24,0.00444493832648063,0.00277388421818614
2017-10-25,0.04657594866688797,0.0038489922881126404
2017-10-26,0.02389006342494726,0.004430884495377541
2017-10-27,0.0034069791451578624,0.00426175631582737
2017-10-30,-0.004012758514250425,0.0030118445865809917
2017-10-31,0.080888429752066,0.0012290501035749912
2017-11-01,0.022842397018063787,-9.964499622583389e-05
2017-11-02,-0.005512988226499815,3.181491047143936e-05
2017-11-03,0.014939396786620485,0.0005746451206505299
2017-11-06,-0.010368450286983966,0.001158610568381846
2017-11-07,-0.013751169317118839,0.001962193287909031
2017-11-08,0.03357678080242832,0.002634522272273898
2017-11-09,-0.008167385518950243,0.0031281376723200083
2017-11-10,0.008142116950407008,0.003622024552896619
2017-11-13,-0.013674743024963187,0.0034770264755934477
2017-11-14,0.015446171024471766,0.002999632153660059
2017-11-15,-0.0066892696783652505,0.0023219354916363955
2017-11-16,0.0011070110701107971,0.001977887935936451
2017-11-17,-0.00036859565057145716,0.0018099050503224134
2017-11-20,0.005070058997050042,0.0019030608236789703
2017-11-21,0.0030266899018618343,0.002138960175216198
2017-11-22,-0.011521580102413997,0.002406073734164238
2017-11-23,0.006753006475485712,0.002544872462749481
2017-11-24,0.002480933566112231,0.002459829906001687
2017-11-27,0.025481209899175017,0.002411734778434038
2017-11-28,0.005631033249910544,0.0023474127519875765
2017-11-29,-0.02319793796107006,0.0023650447838008404
2017-11-30,-0.025659690627843568,0.0021926923654973507
2017-12-01,-0.0028950317519610413,0.0018460762221366167
2017-12-04,0.0020605038868597436,0.0017400679644197226
2017-12-05,-0.0033648004486401817,0.002146652201190591
2017-12-06,-0.004970458595142002,0.002736783819273114
2017-12-07,0.00669180018850124,0.0030754022300243378
2017-12-08,0.015822488531036516,0.0030196490697562695
2017-12-11,0.004792626728110649,0.0027237641625106335
2017-12-12,-0.01192441753806639,0.0023312519770115614
2017-12-13,-0.005291496472335733,0.0018709113355726004
2017-12-14,0.010639290713952532,0.0014888327568769455
2017-12-15,0.01200480192076836,0.00149642676115036
2017-12-18,0.00127748882197265,0.0019311707001179457
2017-12-19,0.009113278046113171,0.0024395266082137823
2017-12-20,0.0015352659622505094,0.0026722990442067385
2017-12-21,-0.010009017132551756,0.00266314041800797
2017-12-22,0.008470716823025803,0.0024350136518478394
2017-12-26,0.0025289017341039166,0.002128962893038988
2017-12-27,-0.0007207207207207134,0.002074245363473892
2017-12-28,-0.013974035340786117,0.0021563172340393066
2017-12-29,0.031270000914327634,0.0022698589600622654
2018-01-01,0.002748470609096554,0.0023150520864874125
2018-01-02,-0.010610079575596787,0.0025739632546901703
2018-01-03,0.001697944593387124,0.002544365357607603
2018-01-04,-0.0009813542688912325,0.002252295147627592
2018-01-05,0.00598321128773005,0.0020655274856835604
2018-01-08,0.0039059032401242977,0.0020465776324272156
2018-01-09,-0.0002652754443365213,0.002198711968958378
2018-01-10,-0.0044224305678400855,0.002361453603953123
2018-01-11,-0.0071961620469082055,0.0024226584937423468
2018-01-12,-0.006532438478747182,0.0023825604002922773
2018-01-15,0.009818050801657208,0.00231737969443202
2018-01-16,0.004727499777004818,0.002310987329110503
2018-01-17,0.0390625,0.002438576193526387
2018-01-18,-0.0006835269993166193,0.0024866333696991205
2018-01-19,0.009319425444596519,0.0025431006215512753
2018-01-22,0.03608640406607355,0.00217687850818038
2018-01-23,0.013980868285504267,0.001782716135494411
2018-01-24,-0.019593613933236553,0.0017088449094444513
2018-01-25,0.013405707706225733,0.0016858981689438224
2018-01-29,-0.017123843531894334,0.0016170497983694077
2018-01-30,-0.01948641730658074,0.0019642426632344723
2018-01-31,-0.00025263157894728216,0.0023509026505053043
2018-02-01,-0.0013477088948787852,0.0027340706437826157
2018-02-02,-0.04706477732793524,0.003141031600534916
2018-02-05,0.0023898035050451405,0.003304649842903018
2018-02-06,-0.0045033112582780754,0.00292887631803751
2018-02-07,-0.007716870675891441,0.002728688297793269
2018-02-08,0.016268883525520694,0.002564904512837529
2018-02-09,-0.0191749494238721,0.0023576521780341864
2018-02-12,0.011927181418706967,0.002248874632641673
2018-02-14,-0.03598014888337486,0.001941134687513113
2018-02-15,-0.0003677146534287745,0.0018599338363856077
2018-02-16,-0.010759610079087767,0.001716735539957881
2018-02-19,0.005019986985218772,0.0019803070463240147
2018-02-20,-0.01637221348626383,0.0023688958026468754
2018-02-21,0.007711115290577331,0.002753965090960264
2018-02-22,-0.010358342665173437,0.002786740195006132
2018-02-23,0.012069778406412102,0.002701172372326255
2018-02-26,0.02916239634771256,0.002396340249106288
2018-02-27,-0.025167481441245698,0.002183494856581092
2018-02-28,-0.01792347696879637,0.002100347774103284
2018-03-01,-0.005673758865248235,0.001737586222589016
2018-03-05,-0.002282453637660553,0.001586336176842451
2018-03-06,-0.013726050900771947,0.0018866113387048244
2018-03-07,-0.009084758867304643,0.002428249455988407
2018-03-08,0.015410123866185454,0.0028273798525333405
2018-03-09,-0.029199884737296955,0.0029975916258990765
2018-03-12,0.027406747798555564,0.0030181575566530228
2018-03-13,0.023690292758089315,0.002557505387812853
2018-03-14,0.008748824082784434,0.002315075835213065
2018-03-15,-0.012123472908700972,0.0021034982055425644
2018-03-16,-0.013310676862078652,0.0017746246885508299
2018-03-19,-0.006027554535017132,0.0014320376794785261
2018-03-20,0.003176436615651035,0.001418956322595477
2018-03-21,0.009978890807906149,0.0018566768849268556
2018-03-22,-0.015390461713851278,0.0025329652708023787
2018-03-23,-0.03608645310690861,0.0030726538971066475
2018-03-26,0.01561561561561553,0.00307308416813612
2018-03-27,0.009658978907943983,0.002672068774700165
2018-03-28,-0.003319016009371456,0.0025675203651189804
2018-04-02,-0.022428991185112657,0.002506660996004939
2018-04-03,0.005009518084360343,0.0022863096091896296
2018-04-04,-0.018542518193599866,0.0019520323257893324
2018-04-05,0.02204164550533272,0.001939238514751196
2018-04-06,-0.00576426157821508,0.0020203874446451664
2018-04-09,0.03818472610955603,0.0023885963018983603
2018-04-10,0.05170421721548246,0.002514202380552888
2018-04-11,-0.01162684244255241,0.0026100482791662216
2018-04-12,0.01658021489440542,0.002474580891430378
2018-04-13,-0.011298405466970474,0.0017109678592532873
2018-04-16,-0.00027647221454241144,0.0011989084305241704
2018-04-17,-0.018436578171091456,0.0010758216958492994
2018-04-18,-0.026577761081893247,0.00155720766633749
2018-04-19,-0.01032320308731316,0.00228895409964025
2018-04-20,-0.014037824137258736,0.002994884504005313
2018-04-23,0.0009887284951553,0.003573049558326602
2018-04-24,-0.002666930067167006,0.00373928714543581
2018-04-25,-0.012776072100624036,0.0035193725489079952
2018-04-26,-0.0093298555377207,0.002924149390310049
2018-04-27,0.0920506329113926,0.0021532766986638308
2018-04-30,-0.04061572700296756,0.0016020273324102163
2018-05-02,0.012468586893485512,0.0018737774807959795
2018-05-03,0.018424821002386516,0.0014570916537195444
2018-05-04,-0.024559430071241173,0.0013086319668218493
2018-05-07,0.03036709590620812,0.0015469628851860762
2018-05-08,0.011471740346950199,0.0017843032255768776
2018-05-09,0.01152604887044717,0.002408028580248356
2018-05-10,-0.0015496809480401996,0.002829208504408598
2018-05-11,0.010316808180407255,0.002878052880987525
2018-05-14,-0.002530272908006448,0.0025659152306616306
2018-05-15,-0.003986229389381979,0.002250651828944683
2018-05-16,0.0005457522284881833,0.0020018124487251043
2018-05-17,-0.019181818181818078,0.001955587649717927
2018-05-18,-0.012141996477894268,0.002147090155631304
2018-05-21,-0.011352974291611861,0.002346089808270335
2018-05-22,-0.006738160766821766,0.002601835411041975
2018-05-23,-0.005828396713166373,0.0028237183578312397
2018-05-24,0.027294569918308698,0.0029309724923223257
2018-05-25,0.007577883805781616,0.0028511849232017994
2018-05-28,0.014206128133704699,0.002742279088124633
2018-05-29,0.002929598095761321,0.0023220155853778124
2018-05-30,-0.011136467366499314,0.0018209746340289712
2018-05-31,0.00784639527370068,0.0014020325616002083
2018-06-01,-0.016944495328814813,0.0012460070429369807
2018-06-04,0.0007453647628807847,0.001603590790182352
2018-06-05,-0.011451447723675567,0.0020952452905476093
2018-06-06,0.0009417969485778777,0.0026862977538257837
2018-06-07,0.020700037636432134,0.0030364440754055977
2018-06-08,-0.009218289085545672,0.003143220441415906
2018-06-11,0.0047450688500187965,0.0030422587879002094
2018-06-12,-0.005185665339383361,0.002512735314667225
2018-06-13,0.006515870799590484,0.0019974051974713802
2018-06-14,-0.015999260149819672,0.0016570042353123426
2018-06-15,-0.006109022556391008,0.0016877958551049232
2018-06-18,-0.011725768321513064,0.001857472350820899
2018-06-19,-0.010238254712467532,0.0022154762409627438
2018-06-20,0.0036736272235111667,0.002572346478700638
2018-06-21,-0.011654787131573974,0.002821077825501561
2018-06-22,0.024559009843095225,0.0029476580675691366
2018-06-25,-0.01988014838771035,0.0027656443417072296
2018-06-26,-0.0019409937888198447,0.002592372940853238
2018-06-27,-0.012349280435628218,0.0021068116184324026
2018-06-28,-0.006399527419513662,0.0017940131947398186
2018-06-29,0.012286959968291766,0.0017244541086256504
2018-07-02,0.0028386844166012892,0.001957234460860491
2018-07-03,-0.0013665202537822552,0.002404717030003667
2018-07-04,0.006255497996285886,0.00266002444550395
2018-07-05,-0.0072850898494414285,0.002611774019896984
2018-07-06,0.00528375733855202,0.0024160167668014765
2018-07-09,0.0224839400428265,0.002119582612067461
2018-07-10,0.013898143741075675,0.001997576327994466
2018-07-11,0.007511031827997394,0.00210726005025208
2018-07-12,0.0033547665641600055,0.002170067746192217
2018-07-13,-0.028513049131605905,0.002103978069499135
2018-07-16,-0.0017208413001911227,0.0019979015924036503
2018-07-17,0.03026240183872808,0.0018545762868598104
2018-07-18,-0.021100576315300268,0.0021167367231100798
2018-07-19,0.00047478871901995845,0.002712105168029666
2018-07-20,0.01309794988610502,0.0028353706002235413
2018-07-23,0.012460183623758558,0.002765332581475377
2018-07-24,0.010641251040991895,0.0026308016385883093
2018-07-25,-0.025361655374473546,0.0023929481394588947
2018-07-26,0.017660873649600672,0.0020880235824733973
2018-07-27,0.021416043570571475,0.0016851990949362516
2018-07-30,0.029643018526886555,0.0017893542535603046
2018-07-31,-0.03379267971561484,0.00215301220305264
2018-08-01,-0.009538517441860517,0.002457167487591505
2018-08-02,0.003852150784187991,0.00219184928573668
2018-08-03,0.05025125628140703,0.002054200740531087
2018-08-06,0.038364506307089874,0.002258459571748972
2018-08-07,-0.0062835120643431885,0.002770319115370512
2018-08-08,0.0054801450130681495,0.002872514072805643
2018-08-09,0.04150595337917151,0.0022384864278137684
2018-08-10,-0.008936478544400495,0.0015885040629655123
2018-08-13,-0.01722177091795296,0.0014942737761884928
2018-08-14,0.021739130434782483,0.0014932263875380158
2018-08-16,0.00873715718793,0.0017150172498077154
2018-08-17,0.006175314780655805,0.0023972531780600548
2018-08-20,-0.004622987406344592,0.0029671855736523867
2018-08-21,0.018177450352338198,0.0031461508478969336
2018-08-23,-0.006291781360597715,0.0028970204293727875
2018-08-24,0.012900672734467822,0.0025879782624542713
2018-08-27,0.016096265041412927,0.002158212708309293
2018-08-28,0.015149184866194876,0.0019588712602853775
2018-08-29,-0.004772365729868944,0.001966987270861864
2018-08-30,-0.010884457299436767,0.0020439682994037867
2018-08-31,-0.0007695267410542384,0.00201979698613286
2018-09-03,-0.02687716596072398,0.002026601927354932
2018-09-04,0.015827793605571294,0.002239912049844861
2018-09-05,-0.006466188843876508,0.0024302660021930933
2018-09-06,0.0008625421469459216,0.002847593044862151
2018-09-07,0.011516765904105108,0.002988202963024378
2018-09-10,0.009604213461389621,0.0028590282890945673
2018-09-11,-0.002454929037207565,0.0025785102043300867
2018-09-12,-0.022610166884564964,0.0021928714122623205
2018-09-14,0.0014950035407976792,0.0017865360714495182
2018-09-17,-0.016420490257699427,0.0015141963958740234
2018-09-18,-0.027717868839364224,0.0017504431307315826
2018-09-19,0.00032862306933933993,0.0021772971376776695
2018-09-21,-0.01576872536136642,0.002585122361779213
2018-09-24,-0.0030874499332443905,0.00304201478138566
2018-09-25,0.028459027370888013,0.003164915833622217
2018-09-26,0.005045983559859968,0.003021804615855217
2018-09-27,-0.02801846303344413,0.0027860018890351057
2018-09-28,0.021827876364242327,0.0022135197650641203
2018-10-01,-0.03228699551569503,0.001459375023841858
2018-10-03,-0.03572331283174668,0.0013439588947221637
2018-10-04,0.024464831804281273,0.0014187509659677744
2018-10-05,-0.030277185501066062,0.0018150275573134422
2018-10-08,-0.021020228671943753,0.0027497371193021536
2018-10-09,-0.006648099901176763,0.0032003785017877817
2018-10-10,0.06575020349100114,0.0032338788732886314
2018-10-11,-0.014171758316361194,0.003055279143154621
2018-10-12,0.006972540242747627,0.00301404669880867
2018-10-15,-0.014275944605915636,0.0022167107090353966
2018-10-16,0.021333795854652893,0.0013962973607704043
2018-10-17,-0.02173728453765822,0.0008925191359594464
2018-10-19,-0.02343546567138266,0.0011771523859351873
2018-10-22,-0.0008888098835658775,0.001668415730819106
2018-10-23,0.001245440797082109,0.002286186907440424
2018-10-24,0.0023989338071968014,0.0030025909654796124
2018-10-25,-0.005406842758376329,0.003445638343691826
2018-10-26,-0.04161839408252366,0.003401048481464386
2018-10-29,0.053933420122745046,0.00288903946056962
2018-11-01,0.07146638433033359,0.002086963737383485
2018-11-02,0.016633728590250252,0.0020417170599102974
2018-11-05,0.009395755710351672,0.0022178529761731625
2018-11-06,-0.02407318247472312,0.0017708357190713286
2018-11-09,0.005920078934385842,0.0011048071319237351
2018-11-12,-0.00604871669118856,0.0006620431086048484
2018-11-13,0.018092105263157965,0.0011120944982394576
2018-11-15,0.007996768982229563,0.0020769103430211544
2018-11-19,-0.010177097523840106,0.0031824298202991486
2018-11-20,-0.012305699481865329,0.0037496122531592846
2018-11-21,0.02516393442622955,0.003532670671120286
2018-11-22,-0.017190373390901126,0.002889709547162056
2018-11-26,0.028880572730231036,0.0024286226835101843
2018-11-27,-0.013204712580058509,0.0019097506301477551
2018-11-28,0.004166666666666652,0.0018436632817611098
2018-11-29,0.004628151931056479,0.001776251825504005
2018-11-30,-0.008022239872914949,0.0019204540876671672
2018-12-03,0.0008807750820720717,0.002180874114856124
2018-12-04,-0.0019200000000000328,0.0023609374184161425
2018-12-05,-0.014267393395319017,0.002518619643524289
2018-12-06,-0.025939177101967692,0.002582632703706622
2018-12-07,0.009266215877786088,0.0024992898106575012
2018-12-10,-0.023076923076923106,0.002366663422435522
2018-12-11,0.02260604521209042,0.0025224043056368828
2018-12-12,0.02997184964398092,0.0025380803272128105
2018-12-13,-0.004983922829582044,0.00268647912889719
2018-12-14,0.0021812893843917713,0.0026733053382486105
2018-12-17,-0.006045949214026569,0.002168026752769947
2018-12-18,0.0037307380373072796,0.001640084432438016
2018-12-19,0.034259857789269654,0.0013757034903392196
2018-12-20,-0.010468750000000027,0.0015768668381497264
2018-12-21,-0.01839570503710719,0.002182637806981802
2018-12-24,-0.011984235502292218,0.002448315965011716
2018-12-26,0.008629111038749526,0.002450415166094899
2018-12-27,-0.005004035512510163,0.0024773890618234873
2018-12-28,0.015249837767683294,0.00267714262008667
2018-12-31,-0.009427932246724113,0.0027455738745629787
2019-01-01,0.013066623648975595,0.002737852046266198
2019-01-02,-0.01361464968152859,0.0024327707942575216
2019-01-03,-0.016869803858261423,0.0021820925176143646
2019-01-04,0.017405582922824347,0.0018927326891571283
2019-01-07,0.028728211749515786,0.0017914290074259043
2019-01-08,0.023140884844681464,0.0021346912253648043
2019-01-09,0.02921107107260612,0.002562364563345909
2019-01-10,-0.008939213349225317,0.0026402357034385204
2019-01-11,0.0012026458208056479,0.002358820987865329
2019-01-14,-0.011486486486486425,0.0017160273855552077
2019-01-15,0.0032657401078453052,0.0013576018391177058
2019-01-16,0.003406510219530645,0.0014498344389721751
2019-01-17,0.018332704639758557,0.002046143403276801
2019-01-18,-0.015780115572677444,0.002752412110567093
2019-01-21,-0.00812946932630787,0.003256062511354685
2019-01-22,0.0008347878879866322,0.0031137182377278805
2019-01-23,0.0006824385805277444,0.002693555084988475
2019-01-24,0.005152686216564284,0.0023372212890535593
2019-01-25,0.007538635506973312,0.0021342209074646235
2019-01-28,-0.014590347923681302,0.0020972781348973513
2019-01-29,0.01647684130599858,0.0021443357691168785
2019-01-30,0.03234481213117202,0.00208861380815506
2019-01-31,0.043125904486251754,0.0022263890132308006
2019-02-01,-0.004855715871254107,0.002421512734144926
2019-02-04,0.0058552906733584376,0.0024301335215568542
2019-02-05,0.011781011781011763,0.0019079804187640548
2019-02-06,-0.005479452054794498,0.001473297830671072
2019-02-07,0.005509641873278293,0.0014628118369728327
2019-02-08,-0.01212328767123294,0.001747484551742673
2019-02-11,-0.014282742841295049,0.0022968340199440718
2019-02-12,-0.010410072448477137,0.002746703801676631
2019-02-13,-0.005828417087213045,0.0030122241005301476
2019-02-14,-0.003360263101451433,0.003110753372311592
2019-02-18,-0.006599713055954082,0.0030537196435034275
2019-02-19,-0.001010976314269163,0.0028466100338846445
2019-02-20,0.011421136330779236,0.002517691347748041
2019-02-21,-0.0037164093767867445,0.0022181218955665827
2019-02-22,0.007173601147776099,0.002062218962237239
2019-02-25,0.0035612535612534746,0.001902800053358078
2019-02-26,0.007665010645848014,0.001881210831925273
2019-02-27,0.010001408649105592,0.0019396486459299922
2019-02-28,-0.010390516039051723,0.0020662385504692793
2019-03-01,-0.010006342047776617,0.0021987457294017076
2019-03-05,0.044700690440600654,0.0021845297887921333
2019-03-06,-0.019963207740001376,0.002197562251240015
2019-03-07,0.020926028921023354,0.002551792422309518
2019-03-08,-0.0026557711950970786,0.0024423657450824976
2019-03-11,0.005871910419227078,0.0023669057991355658
2019-03-12,0.0072631007330981046,0.0021723813842982054
2019-03-13,-0.004245569108430658,0.0020701338071376085
2019-03-14,0.0033838657282079243,0.002095255069434643
2019-03-15,-0.006475111290975222,0.002144400728866458
2019-03-18,0.024304141208418173,0.0022845626808702946
2019-03-19,0.00901378579003187,0.0023927001748234034
2019-03-20,-0.008801891749868673,0.0026076759677380323
2019-03-22,0.007952286282306265,0.0025839190930128098
2019-03-25,-0.019921104536489098,0.00227981130592525
2019-03-26,0.020594351646877396,0.0020821818616241217
2019-03-27,-0.0002629157355068523,0.001924135722219944
2019-03-28,0.020118343195266286,0.0021802636329084635
2019-03-29,-0.0007733952049495674,0.002403515623882413
2019-04-01,-0.016382868937048545,0.0025819845031946898
2019-04-02,0.009836065573770592,0.0024536435957998037
2019-04-03,-0.011428571428571344,0.002140138763934374
2019-04-05,0.0036784025223330907,0.002095796400681138
2019-04-08,-0.011780104712041939,0.002130981767550111
2019-04-09,0.013973509933774775,0.0023346017114818096
2019-04-10,-0.006596564561426321,0.002468376886099577
2019-04-11,-0.012163050624589111,0.0026485146954655647
2019-04-18,0.02502495840266228,0.0025778093840926886
2019-04-22,-0.019479254593857576,0.002352008828893304
2019-04-23,-0.0025826104231506664,0.002336676698178053
2019-04-24,-0.002921258796972581,0.0021151239052414894
2019-04-25,-0.012784658409908167,0.0020334525033831596
2019-04-26,0.02171860245514634,0.002116616815328598
2019-04-30,0.010034327964087764,0.002246542600914836
2019-05-02,-0.017058823529411682,0.002555935177952051
2019-05-03,0.0039231331870468455,0.002639970974996686
2019-05-06,-0.009140283481255729,0.002334649907425046
2019-05-07,-0.004211229946524009,0.0021108731161803007
2019-05-08,-0.013089883869235375,0.0019912414718419313
2019-05-09,-0.0037409876207318282,0.0020778984762728214
2019-05-10,0.00027309346623871633,0.0022548078559339046
2019-05-13,-0.0007508019930380083,0.0025132212322205305
2019-05-14,0.0002732240437159916,0.002712058601900935
2019-05-15,-0.020281343895110604,0.0027162975165992975
2019-05-16,0.022583118421969584,0.00253817206248641
2019-05-17,0.022834162633767363,0.0021874294616281986
2019-05-20,0.042916166866586725,0.0021530035883188248
2019-05-21,-0.012012779552715624,0.0021915649995207787
2019-05-22,0.006338119260121511,0.002193756867200136
2019-05-23,-0.002377892030848372,0.0017355254385620356
2019-05-24,0.019970366552857,0.0014508716994896531
2019-05-27,0.0282321733089117,0.0015083530452102423
2019-05-28,-0.0073710073710073765,0.002008053008466959
2019-05-29,-0.006621287128712905,0.002586095128208399
2019-05-30,0.007599825577773611,0.002697709249332547
